<tokens>
<keyword> class </keyword>
<identifier> Square </identifier>
<symbol> { </symbol>
<keyword> field </keyword>
<keyword> int </keyword>
<identifier> edge </identifier>
<symbol> ; </symbol>
<keyword> constructor </keyword>
<identifier> Square </identifier>
<identifier> new </identifier>
<symbol> ( </symbol>
<keyword> int </keyword>
<identifier> edge_length </identifier>
<symbol> ) </symbol>
<symbol> { </symbol>
<keyword> let </keyword>
<identifier> edge </identifier>
<symbol> = </symbol>
<identifier> edge_length </identifier>
<symbol> ; </symbol>
<keyword> return </keyword>
<keyword> this </keyword>
<symbol> ; </symbol>
<symbol> } </symbol>
<keyword> method </keyword>
<keyword> void </keyword>
<identifier> incSize </identifier>
<symbol> ( </symbol>
<symbol> ) </symbol>
<symbol> { </symbol>
<keyword> var </keyword>
<keyword> int </keyword>
<identifier> i </identifier>
<symbol> , </symbol>
<identifier> j </identifier>
<symbol> ; </symbol>
<keyword> var </keyword>
<keyword> int </keyword>
<identifier> k </identifier>
<symbol> ; </symbol>
<keyword> let </keyword>
<identifier> edge </identifier>
<symbol> = </symbol>
<identifier> edge </identifier>
<symbol> + </symbol>
<integerConstant> 2 </integerConstant>
<symbol> ; </symbol>
<keyword> return </keyword>
<symbol> ; </symbol>
<symbol> } </symbol>
<keyword> method </keyword>
<keyword> void </keyword>
<identifier> decSize </identifier>
<symbol> ( </symbol>
<symbol> ) </symbol>
<symbol> { </symbol>
<keyword> if </keyword>
<symbol> ( </symbol>
<identifier> edge </identifier>
<symbol> &gt; </symbol>
<integerConstant> 2 </integerConstant>
<symbol> ) </symbol>
<symbol> { </symbol>
<keyword> let </keyword>
<identifier> edge </identifier>
<symbol> = </symbol>
<identifier> edge </identifier>
<symbol> - </symbol>
<integerConstant> 2 </integerConstant>
<symbol> ; </symbol>
<symbol> } </symbol>
<keyword> return </keyword>
<symbol> ; </symbol>
<symbol> } </symbol>
<keyword> method </keyword>
<keyword> int </keyword>
<identifier> area </identifier>
<symbol> ( </symbol>
<symbol> ) </symbol>
<symbol> { </symbol>
<keyword> return </keyword>
<identifier> edge </identifier>
<symbol> * </symbol>
<identifier> edge </identifier>
<symbol> ; </symbol>
<symbol> } </symbol>
<symbol> } </symbol>
</tokens>
