<class>
  <keyword> class </keyword>
  <identifier> Square </identifier>
  <symbol> { </symbol>
  <classVarDec>
    <keyword> field </keyword>
    <keyword> int </keyword>
    <identifier> edge </identifier>
    <symbol> ; </symbol>
  </classVarDec>
  <subroutineDec>
    <keyword> constructor </keyword>
    <identifier> Square </identifier>
    <identifier> new </identifier>
    <symbol> ( </symbol>
    <parameterList>
      <keyword> int </keyword>
      <identifier> edge_length </identifier>
    </parameterList>
    <symbol> ) </symbol>
    <subroutineBody>
      <symbol> { </symbol>
      <statements>
        <letStatement>
          <keyword> let </keyword>
          <identifier> edge </identifier>
          <symbol> = </symbol>
          <expression>
            <term>
              <identifier> edge_length </identifier>
            </term>
          </expression>
          <symbol> ; </symbol>
        </letStatement>
        <returnStatement>
          <keyword> return </keyword>
          <expression>
            <term>
              <keyword> this </keyword>
            </term>
          </expression>
          <symbol> ; </symbol>
        </returnStatement>
      </statements>
      <symbol> } </symbol>
    </subroutineBody>
  </subroutineDec>
  <subroutineDec>
    <keyword> method </keyword>
    <keyword> void </keyword>
    <identifier> incSize </identifier>
    <symbol> ( </symbol>
    <parameterList>
    </parameterList>
    <symbol> ) </symbol>
    <subroutineBody>
      <symbol> { </symbol>
      <varDec>
        <keyword> var </keyword>
        <keyword> int </keyword>
        <identifier> i </identifier>
        <symbol> , </symbol>
        <identifier> j </identifier>
        <symbol> ; </symbol>
      </varDec>
      <varDec>
        <keyword> var </keyword>
        <keyword> int </keyword>
        <identifier> k </identifier>
        <symbol> ; </symbol>
      </varDec>
      <statements>
        <letStatement>
          <keyword> let </keyword>
          <identifier> edge </identifier>
          <symbol> = </symbol>
          <expression>
            <term>
              <identifier> edge </identifier>
            </term>
            <symbol> + </symbol>
            <term>
              <integerConstant> 2 </integerConstant>
            </term>
          </expression>
          <symbol> ; </symbol>
        </letStatement>
        <returnStatement>
          <keyword> return </keyword>
          <symbol> ; </symbol>
        </returnStatement>
      </statements>
      <symbol> } </symbol>
    </subroutineBody>
  </subroutineDec>
  <subroutineDec>
    <keyword> method </keyword>
    <keyword> void </keyword>
    <identifier> decSize </identifier>
    <symbol> ( </symbol>
    <parameterList>
    </parameterList>
    <symbol> ) </symbol>
    <subroutineBody>
      <symbol> { </symbol>
      <statements>
        <ifStatement>
          <keyword> if </keyword>
          <symbol> ( </symbol>
          <expression>
            <term>
              <identifier> edge </identifier>
            </term>
            <symbol> &gt; </symbol>
            <term>
              <integerConstant> 2 </integerConstant>
            </term>
          </expression>
          <symbol> ) </symbol>
          <symbol> { </symbol>
          <statements>
            <letStatement>
              <keyword> let </keyword>
              <identifier> edge </identifier>
              <symbol> = </symbol>
              <expression>
                <term>
                  <identifier> edge </identifier>
                </term>
                <symbol> - </symbol>
                <term>
                  <integerConstant> 2 </integerConstant>
                </term>
              </expression>
              <symbol> ; </symbol>
            </letStatement>
          </statements>
          <symbol> } </symbol>
        </ifStatement>
        <returnStatement>
          <keyword> return </keyword>
          <symbol> ; </symbol>
        </returnStatement>
      </statements>
      <symbol> } </symbol>
    </subroutineBody>
  </subroutineDec>
  <subroutineDec>
    <keyword> method </keyword>
    <keyword> int </keyword>
    <identifier> area </identifier>
    <symbol> ( </symbol>
    <parameterList>
    </parameterList>
    <symbol> ) </symbol>
    <subroutineBody>
      <symbol> { </symbol>
      <statements>
        <returnStatement>
          <keyword> return </keyword>
          <expression>
            <term>
              <identifier> edge </identifier>
            </term>
            <symbol> * </symbol>
            <term>
              <identifier> edge </identifier>
            </term>
          </expression>
          <symbol> ; </symbol>
        </returnStatement>
      </statements>
      <symbol> } </symbol>
    </subroutineBody>
  </subroutineDec>
  <symbol> } </symbol>
</class>
