<tokens>
<keyword> class </keyword>
<identifier> Main </identifier>
<symbol> { </symbol>
<keyword> function </keyword>
<keyword> void </keyword>
<identifier> main </identifier>
<symbol> ( </symbol>
<symbol> ) </symbol>
<symbol> { </symbol>
<keyword> var </keyword>
<keyword> int </keyword>
<identifier> argument </identifier>
<symbol> , </symbol>
<identifier> absolute </identifier>
<symbol> ; </symbol>
<keyword> let </keyword>
<identifier> argument </identifier>
<symbol> = </symbol>
<identifier> Keyboard </identifier>
<symbol> . </symbol>
<identifier> readInt </identifier>
<symbol> ( </symbol>
<stringConstant> ENTER THE NUMBER:  </stringConstant>
<symbol> ) </symbol>
<symbol> ; </symbol>
<keyword> if </keyword>
<symbol> ( </symbol>
<identifier> argument </identifier>
<symbol> = </symbol>
<integerConstant> 0 </integerConstant>
<symbol> ) </symbol>
<symbol> { </symbol>
<keyword> let </keyword>
<identifier> absolute </identifier>
<symbol> = </symbol>
<identifier> argument </identifier>
<symbol> ; </symbol>
<symbol> } </symbol>
<keyword> if </keyword>
<symbol> ( </symbol>
<identifier> argument </identifier>
<symbol> &lt; </symbol>
<integerConstant> 0 </integerConstant>
<symbol> ) </symbol>
<symbol> { </symbol>
<keyword> let </keyword>
<identifier> absolute </identifier>
<symbol> = </symbol>
<symbol> - </symbol>
<identifier> argument </identifier>
<symbol> ; </symbol>
<symbol> } </symbol>
<keyword> else </keyword>
<symbol> { </symbol>
<keyword> let </keyword>
<identifier> absolute </identifier>
<symbol> = </symbol>
<identifier> argument </identifier>
<symbol> ; </symbol>
<symbol> } </symbol>
<keyword> do </keyword>
<identifier> Output </identifier>
<symbol> . </symbol>
<identifier> printString </identifier>
<symbol> ( </symbol>
<stringConstant> THE ABSOLUTE VALUE IS:  </stringConstant>
<symbol> ) </symbol>
<symbol> ; </symbol>
<keyword> do </keyword>
<identifier> Output </identifier>
<symbol> . </symbol>
<identifier> printInt </identifier>
<symbol> ( </symbol>
<identifier> absolute </identifier>
<symbol> ) </symbol>
<symbol> ; </symbol>
<keyword> do </keyword>
<identifier> Output </identifier>
<symbol> . </symbol>
<identifier> println </identifier>
<symbol> ( </symbol>
<symbol> ) </symbol>
<symbol> ; </symbol>
<keyword> return </keyword>
<symbol> ; </symbol>
<symbol> } </symbol>
<symbol> } </symbol>
</tokens>
