<class>
  <keyword> class </keyword>
  <identifier> Main </identifier>
  <symbol> { </symbol>
  <subroutineDec>
    <keyword> function </keyword>
    <keyword> void </keyword>
    <identifier> main </identifier>
    <symbol> ( </symbol>
    <parameterList>
    </parameterList>
    <symbol> ) </symbol>
    <subroutineBody>
      <symbol> { </symbol>
      <varDec>
        <keyword> var </keyword>
        <keyword> int </keyword>
        <identifier> argument </identifier>
        <symbol> , </symbol>
        <identifier> absolute </identifier>
        <symbol> ; </symbol>
      </varDec>
      <statements>
        <letStatement>
          <keyword> let </keyword>
          <identifier> argument </identifier>
          <symbol> = </symbol>
          <expression>
            <term>
              <identifier> Keyboard </identifier>
              <symbol> . </symbol>
              <identifier> readInt </identifier>
              <symbol> ( </symbol>
              <expressionList>
                <expression>
                  <term>
                    <stringConstant> ENTER THE NUMBER:  </stringConstant>
                  </term>
                </expression>
              </expressionList>
              <symbol> ) </symbol>
            </term>
          </expression>
          <symbol> ; </symbol>
        </letStatement>
        <letStatement>
          <keyword> let </keyword>
          <identifier> a </identifier>
          <symbol> = </symbol>
          <expression>
            <term>
              <identifier> myMethod </identifier>
