<tokens>
    <keyword> let </keyword>
    <identifier> this </identifier>
    <symbol> [ </symbol>
    <identifier> index </identifier>
    <symbol> ] </symbol>
    <symbol> = </symbol>
    <identifier> this </identifier>
    <symbol> [ </symbol>
    <identifier> index </identifier>
    <symbol> ] </symbol>
    <symbol> + </symbol>
    <integerConstant> 1 </integerConstant>
    <symbol> ; </symbol>
    </tokens>
    <identifier> i </identifier>
    <symbol> , </symbol>
    <identifier> j </identifier>
    <symbol> < </symbol>
    <symbol> = </symbol>
    <integerConstant> 2 </integerConstant>
    <symbol> ) </symbol>
    <symbol> ; </symbol>
    </tokens>