<class>
  <keyword> class </keyword>
  <identifier> ListItem </identifier>
  <symbol> { </symbol>
  <classVarDec>
    <keyword> field </keyword>
    <keyword> int </keyword>
    <identifier> data </identifier>
    <symbol> , </symbol>
    <identifier> a </identifier>
    <symbol> ; </symbol>
  </classVarDec>
  <classVarDec>
    <keyword> field </keyword>
    <identifier> ListItem </identifier>
    <identifier> next </identifier>
    <symbol> ; </symbol>
  </classVarDec>
  <subroutineDec>
    <keyword> constructor </keyword>
    <identifier> ListItem </identifier>
    <identifier> new </identifier>
    <symbol> ( </symbol>
    <parameterList>
      <keyword> int </keyword>
      <identifier> d </identifier>
      <symbol> , </symbol>
      <keyword> int </keyword>
      <identifier> a </identifier>
      <symbol> , </symbol>
      <keyword> int </keyword>
      <identifier> n </identifier>
    </parameterList>
    <symbol> ) </symbol>
    <subroutineBody>
      <symbol> { </symbol>
      <statements>
        <letStatement>
          <keyword> let </keyword>
          <identifier> data </identifier>
          <symbol> = </symbol>
          <expression>
            <term>
              <identifier> d </identifier>
            </term>
          </expression>
          <symbol> ; </symbol>
        </letStatement>
        <letStatement>
          <keyword> let </keyword>
          <identifier> a </identifier>
          <symbol> = </symbol>
          <expression>
            <term>
              <identifier> a </identifier>
            </term>
            <symbol> + </symbol>
            <term>
              <identifier> bar </identifier>
              <symbol> [ </symbol>
              <expression>
                <term>
                  <identifier> index </identifier>
                </term>
              </expression>
              <symbol> ] </symbol>
            </term>
          </expression>
          <symbol> ; </symbol>
        </letStatement>
        <letStatement>
          <keyword> let </keyword>
          <identifier> next </identifier>
          <symbol> = </symbol>
          <expression>
            <term>
              <identifier> n </identifier>
            </term>
          </expression>
          <symbol> ; </symbol>
        </letStatement>
        <returnStatement>
          <keyword> return </keyword>
          <expression>
            <term>
              <keyword> this </keyword>
            </term>
          </expression>
          <symbol> ; </symbol>
        </returnStatement>
      </statements>
      <symbol> } </symbol>
    </subroutineBody>
  </subroutineDec>
  <symbol> } </symbol>
</class>
