<class>
  <keyword> class </keyword>
  <identifier> Memory </identifier>
  <symbol> { </symbol>
  <subroutineDec>
    <keyword> function </keyword>
    <keyword> int </keyword>
    <identifier> peek </identifier>
    <symbol> ( </symbol>
    <parameterList>
      <keyword> int </keyword>
      <identifier> index </identifier>
    </parameterList>
    <symbol> ) </symbol>
    <subroutineBody>
      <symbol> { </symbol>
      <varDec>
        <keyword> var </keyword>
        <identifier> Array </identifier>
        <identifier> mem </identifier>
        <symbol> ; </symbol>
      </varDec>
      <statements>
        <letStatement>
          <keyword> let </keyword>
          <identifier> mem </identifier>
          <symbol> = </symbol>
          <expression>
            <term>
              <integerConstant> 0 </integerConstant>
            </term>
          </expression>
          <symbol> ; </symbol>
        </letStatement>
        <ifStatement>
          <keyword> if </keyword>
          <symbol> ( </symbol>
          <expression>
            <term>
              <symbol> ( </symbol>
              <expression>
                <term>
                  <identifier> index </identifier>
                </term>
                <symbol> &lt; </symbol>
                <term>
                  <integerConstant> 0 </integerConstant>
                </term>
              </expression>
              <symbol> ) </symbol>
            </term>
            <symbol> | </symbol>
            <term>
              <symbol> ( </symbol>
              <expression>
                <term>
                  <identifier> index </identifier>
                </term>
                <symbol> &gt; </symbol>
                <term>
                  <integerConstant> 16384 </integerConstant>
                </term>
                <symbol> + </symbol>
                <term>
                  <integerConstant> 8192 </integerConstant>
                </term>
              </expression>
              <symbol> ) </symbol>
            </term>
          </expression>
          <symbol> ) </symbol>
          <symbol> { </symbol>
          <statements>
            <returnStatement>
              <keyword> return </keyword>
              <expression>
                <term>
                  <integerConstant> 0 </integerConstant>
                </term>
              </expression>
              <symbol> ; </symbol>
            </returnStatement>
          </statements>
          <symbol> } </symbol>
          <keyword> else </keyword>
          <symbol> { </symbol>
          <statements>
            <returnStatement>
              <keyword> return </keyword>
              <expression>
                <term>
                  <identifier> mem </identifier>
                  <symbol> [ </symbol>
                  <expression>
                    <term>
                      <identifier> index </identifier>
                    </term>
                  </expression>
                  <symbol> ] </symbol>
                </term>
              </expression>
              <symbol> ; </symbol>
            </returnStatement>
          </statements>
          <symbol> } </symbol>
        </ifStatement>
      </statements>
      <symbol> } </symbol>
    </subroutineBody>
  </subroutineDec>
  <symbol> } </symbol>
</class>
