<class>
  <keyword> class </keyword>
  <identifier> Kladd </identifier>
  <symbol> { </symbol>
  <classVarDec>
    <keyword> field </keyword>
    <keyword> int </keyword>
    <identifier> data </identifier>
    <symbol> ; </symbol>
  </classVarDec>
  <classVarDec>
    <keyword> field </keyword>
    <identifier> Kladd </identifier>
    <identifier> next </identifier>
    <symbol> ; </symbol>
  </classVarDec>
  <subroutineDec>
    <keyword> constructor </keyword>
    <identifier> Kladd </identifier>
    <identifier> new </identifier>
    <symbol> ( </symbol>
    <parameterList>
      <keyword> int </keyword>
      <identifier> d </identifier>
      <symbol> , </symbol>
      <keyword> int </keyword>
      <identifier> n </identifier>
    </parameterList>
    <symbol> ) </symbol>
    <subroutineBody>
      <symbol> { </symbol>
      <statements>
        <whileStatement>
          <keyword> while </keyword>
          <symbol> ( </symbol>
          <expression>
            <term>
              <identifier> i </identifier>
            </term>
            <symbol> &lt; </symbol>
            <term>
              <integerConstant> 10 </integerConstant>
            </term>
          </expression>
          <symbol> ) </symbol>
          <symbol> { </symbol>
          <statements>
            <letStatement>
              <keyword> let </keyword>
              <identifier> i </identifier>
              <symbol> = </symbol>
              <expression>
                <term>
                  <identifier> j </identifier>
                  <symbol> . </symbol>
                  <identifier> next </identifier>
                  <symbol> ( </symbol>
                  <expressionList>
                  </expressionList>
                  <symbol> ) </symbol>
                </term>
              </expression>
              <symbol> ; </symbol>
            </letStatement>
          </statements>
          <symbol> } </symbol>
        </whileStatement>
      </statements>
      <symbol> } </symbol>
    </subroutineBody>
  </subroutineDec>
  <symbol> } </symbol>
</class>
