<class>
  <keyword> class </keyword>
  <identifier> Main </identifier>
  <symbol> { </symbol>
  <subroutineDec>
    <keyword> function </keyword>
    <keyword> void </keyword>
    <identifier> main </identifier>
    <symbol> ( </symbol>
    <parameterList>
    </parameterList>
    <symbol> ) </symbol>
    <subroutineBody>
      <symbol> { </symbol>
      <varDec>
        <keyword> var </keyword>
        <keyword> int </keyword>
        <identifier> argument </identifier>
        <symbol> , </symbol>
        <identifier> absolute </identifier>
        <symbol> ; </symbol>
      </varDec>
      <statements>
        <letStatement>
          <keyword> let </keyword>
          <identifier> argument </identifier>
          <symbol> = </symbol>
          <expression>
            <term>
              <identifier> Keyboard </identifier>
              <symbol> . </symbol>
              <identifier> readInt </identifier>
              <symbol> ( </symbol>
              <expressionList>
                <expression>
                  <term>
                    <stringConstant> ENTER THE NUMBER:  </stringConstant>
                  </term>
                </expression>
              </expressionList>
              <symbol> ) </symbol>
            </term>
          </expression>
          <symbol> ; </symbol>
        </letStatement>
        <ifStatement>
          <keyword> if </keyword>
          <symbol> ( </symbol>
          <expression>
            <term>
              <identifier> argument </identifier>
            </term>
            <symbol> = </symbol>
            <term>
              <integerConstant> 0 </integerConstant>
            </term>
          </expression>
          <symbol> ) </symbol>
          <symbol> { </symbol>
          <statements>
            <letStatement>
              <keyword> let </keyword>
              <identifier> absolute </identifier>
              <symbol> = </symbol>
              <expression>
                <term>
                  <identifier> argument </identifier>
                </term>            
              </expression>
              <symbol> ; </symbol>
            </letStatement>
          </statements>
          <symbol> } </symbol>
	</ifStatement>
        <ifStatement>
          <keyword> if </keyword>
          <symbol> ( </symbol>
          <expression>
            <term>
              <identifier> argument </identifier>
            </term>
            <symbol> &lt; </symbol>
            <term>
              <integerConstant> 0 </integerConstant>
            </term>
          </expression>
          <symbol> ) </symbol>
          <symbol> { </symbol>
          <statements>
            <letStatement>
              <keyword> let </keyword>
              <identifier> absolute </identifier>
              <symbol> = </symbol>
              <expression>
                <term>
                  <symbol> - </symbol>
                  <term>
                    <identifier> argument </identifier>
                  </term>
                </term>
              </expression>
              <symbol> ; </symbol>
            </letStatement>
          </statements>
          <symbol> } </symbol>
          <keyword> else </keyword>
          <symbol> { </symbol>
          <statements>
            <letStatement>
              <keyword> let </keyword>
              <identifier> absolute </identifier>
              <symbol> = </symbol>
              <expression>
                <term>
                  <identifier> argument </identifier>
                </term>
              </expression>
              <symbol> ; </symbol>
            </letStatement>
          </statements>
          <symbol> } </symbol>
        </ifStatement>
        <doStatement>
          <keyword> do </keyword>
          <identifier> Output </identifier>
          <symbol> . </symbol>
          <identifier> printString </identifier>
          <symbol> ( </symbol>
          <expressionList>
            <expression>
              <term>
                <stringConstant> THE ABSOLUTE VALUE IS:  </stringConstant>
              </term>
            </expression>
          </expressionList>
          <symbol> ) </symbol>
          <symbol> ; </symbol>
        </doStatement>
        <doStatement>
          <keyword> do </keyword>
          <identifier> Output </identifier>
          <symbol> . </symbol>
          <identifier> printInt </identifier>
          <symbol> ( </symbol>
          <expressionList>
            <expression>
              <term>
                <identifier> absolute </identifier>
              </term>
            </expression>
          </expressionList>
          <symbol> ) </symbol>
          <symbol> ; </symbol>
        </doStatement>
        <doStatement>
          <keyword> do </keyword>
          <identifier> Output </identifier>
          <symbol> . </symbol>
          <identifier> println </identifier>
          <symbol> ( </symbol>
          <expressionList>
          </expressionList>
          <symbol> ) </symbol>
          <symbol> ; </symbol>
        </doStatement>
        <returnStatement>
          <keyword> return </keyword>
          <symbol> ; </symbol>
        </returnStatement>
      </statements>
      <symbol> } </symbol>
    </subroutineBody>
  </subroutineDec>
  <symbol> } </symbol>
</class>
